Detector,Histograma,Channel_191,Channel_764,Offset,Slope
1,ch1_12cm_fast_EFIR,1858.5016977928753,16798.145161290333,119.71841450317896,0.038354328963742045
2,ch2_6cm_epi_EFIR,3352.4660441426095,18292.109507640067,62.418414503179406,0.038354328963742045
3,ch3_pb_HE_EFIR,10822.287775891338,34725.71731748729,-68.42599093551269,0.023971455602338758
4,ch4_naked_th_EFIR,7834.35908319187,30243.824278438027,-9.321056997881243,0.025569552642494726
