Detector,Histograma,Channel_191,Channel_764,Offset,Slope
1,ch1_12cm_fast_EFIR,4736.8421052631575,17062.818336162985,-29.202479338842977,0.04648719008264463
2,ch2_6cm_epi_EFIR,4991.511035653651,18336.162988115448,-23.328244274809208,0.042938549618320616
3,ch3_pb_HE_EFIR,9847.198641765703,33701.18845500848,-45.54092526690394,0.024021138790035593
4,ch4_naked_th_EFIR,8573.85398981324,31748.726655348037,-20.989010989011007,0.024725054945054954
