Detector,Histograma,Channel_191,Channel_764,Offset,Slope
1,ch1_12cm_fast_EFIR,4838.709677419353,17062.81833616298,-35.81250000000003,0.04687458333333335
2,ch2_6cm_epi_EFIR,4846.430390492373,18292.109507640067,-15.53509499646836,0.04261592107082455
3,ch3_pb_HE_EFIR,10822.287775891338,33231.752971137525,-85.7210569978804,0.025569552642494695
4,ch4_naked_th_EFIR,9328.323429541604,31737.78862478779,-47.52105699788069,0.025569552642494695
