Detector,Histograma,Channel_191,Channel_764,Offset,Slope
1,ch1_12cm_fast_EFIR,5000.0,17000.0,-47.75,0.04775
2,ch2_6cm_epi_EFIR,4970.0,18300.0,-22.639159789947485,0.04298574643660915
3,ch3_pb_HE_EFIR,9710.0,33810.0,-39.864315352697105,0.023775933609958506
4,ch4_naked_th_EFIR,8640.0,31750.0,-23.22414539160536,0.024794461272176545
