Detector,Histograma,Channel_191,Channel_764,Offset,Slope
1,ch1_12cm_fast_EFIR,4634.97453310696,17062.818336162985,-22.70081967213116,0.04610614754098362
2,ch2_6cm_epi_EFIR,4991.511035653651,18336.162988115448,-23.328244274809208,0.042938549618320616
3,ch3_pb_HE_EFIR,9507.640067911714,33684.21052631579,-34.3370786516854,0.023700632022471912
4,ch4_naked_th_EFIR,8556.876061120543,31782.68251273344,-20.105263157894797,0.02467083333333334
