Detector,Histograma,Channel_191,Channel_764,Offset,Slope
1,ch1_12cm_fast_EFIR,4798.387096774193,17096.774193548386,-32.56393442622951,0.04659147540983607
2,ch2_6cm_epi_EFIR,5141.1290322580635,18447.580645161288,-30.386363636363626,0.04306181818181819
3,ch3_pb_HE_EFIR,9879.032258064512,33770.16129032257,-45.93670886075944,0.023983797468354436
4,ch4_naked_th_EFIR,8548.387096774193,32016.129032258064,-17.721649484536073,0.024416494845360823
