Detector,Histograma,Channel_191,Channel_764,Offset,Slope
1,ch1_12cm_fast_EFIR,4838.709677419353,17147.70797962648,-34.24827586206894,0.046551310344827596
2,ch2_6cm_epi_EFIR,5093.3786078098465,18421.052631578943,-27.980891719745216,0.04299324840764332
3,ch3_pb_HE_EFIR,9592.52971137521,33786.078098471975,-36.189473684210526,0.023684000000000007
4,ch4_naked_th_EFIR,8658.743633276736,31748.726655348037,-23.874999999999943,0.02481595588235295
