Detector,Histograma,Channel_191,Channel_764,Offset,Slope
1,ch1_12cm_fast_EFIR,1858.5016977928756,16798.145161290333,119.71841450317896,0.038354328963742
2,ch2_6cm_epi_EFIR,5093.3786078098465,18251.27334465195,-30.80645161290326,0.04354800000000001
3,ch3_pb_HE_EFIR,10822.287775891338,34725.71731748729,-68.42599093551269,0.0239714556023387
4,ch4_naked_th_EFIR,7834.35908319187,30243.824278438027,-9.321056997881245,0.0255695526424947
