Detector,Histograma,Channel_191,Channel_764,Offset,Slope
1,ch1_12cm_fast_EFIR,4872.665534804753,16994.90662139219,-39.32352941176467,0.04726848739495798
2,ch2_6cm_epi_EFIR,5229.202037351444,18302.20713073005,-38.2000000000001,0.04383077922077923
3,ch3_pb_HE_EFIR,9864.176570458405,33633.27674023769,-46.795000000000016,0.02410692857142857
4,ch4_naked_th_EFIR,8794.567062818338,31612.903225806454,-29.84375000000003,0.025111383928571426
