Detector,Histograma,Channel_191,Channel_764,Offset,Slope
1,ch1_12cm_fast_EFIR,4821.7317487266555,17079.796264855686,-34.39058171745157,0.04674473684210527
2,ch2_6cm_epi_EFIR,5042.444821731749,18285.22920203735,-27.180769230769243,0.04326884615384616
3,ch3_pb_HE_EFIR,9677.419354838705,33701.18845500848,-39.81978798586567,0.023851378091872797
4,ch4_naked_th_EFIR,8633.27674023769,31706.281833616296,-23.40066225165566,0.024834216335540844
