Detector,Histograma,Channel_191,Channel_764,Offset,Slope
1,ch1_12cm_fast_EFIR,1858.501697792876,16798.145161290333,119.71841450317896,0.038354328963742
2,ch2_6cm_epi_EFIR,4923.59932088285,18336.162988115444,-19.34177215189871,0.04272113924050634
3,ch3_pb_HE_EFIR,10822.287775891338,34725.71731748729,-68.42599093551269,0.0239714556023387
4,ch4_naked_th_EFIR,8743.633276740235,31663.83701188454,-27.588888888888874,0.024999777777777784
